Month,Date,Payment,Principal Paid,Interest Paid,Remaining Balance
1,December 11 2025,530.33,321.99,208.33,49678.01
2,January 11 2026,530.33,323.34,206.99,49354.67
3,February 11 2026,530.33,324.68,205.64,49029.99
4,March 11 2026,530.33,326.04,204.29,48703.95
5,April 11 2026,530.33,327.39,202.93,48376.56
6,May 11 2026,530.33,328.76,201.57,48047.8
7,June 11 2026,530.33,330.13,200.2,47717.67
8,July 11 2026,530.33,331.5,198.82,47386.17
9,August 11 2026,530.33,332.89,197.44,47053.28
10,September 11 2026,530.33,334.27,196.06,46719.01
11,October 11 2026,530.33,335.67,194.66,46383.34
12,November 11 2026,530.33,337.06,193.26,46046.28
13,December 11 2026,530.33,338.47,191.86,45707.81
14,January 11 2027,530.33,339.88,190.45,45367.93
15,February 11 2027,530.33,341.29,189.03,45026.64
16,March 11 2027,530.33,342.72,187.61,44683.92
17,April 11 2027,530.33,344.14,186.18,44339.78
18,May 11 2027,530.33,345.58,184.75,43994.2
19,June 11 2027,530.33,347.02,183.31,43647.18
20,July 11 2027,530.33,348.46,181.86,43298.72
21,August 11 2027,530.33,349.92,180.41,42948.8
22,September 11 2027,530.33,351.37,178.95,42597.43
23,October 11 2027,530.33,352.84,177.49,42244.59
24,November 11 2027,530.33,354.31,176.02,41890.28
25,December 11 2027,530.33,355.78,174.54,41534.49
26,January 11 2028,530.33,357.27,173.06,41177.23
27,February 11 2028,530.33,358.76,171.57,40818.47
28,March 11 2028,530.33,360.25,170.08,40458.22
29,April 11 2028,530.33,361.75,168.58,40096.47
30,May 11 2028,530.33,363.26,167.07,39733.21
31,June 11 2028,530.33,364.77,165.56,39368.44
32,July 11 2028,530.33,366.29,164.04,39002.14
33,August 11 2028,530.33,367.82,162.51,38634.33
34,September 11 2028,530.33,369.35,160.98,38264.97
35,October 11 2028,530.33,370.89,159.44,37894.08
36,November 11 2028,530.33,372.44,157.89,37521.65
37,December 11 2028,530.33,373.99,156.34,37147.66
38,January 11 2029,530.33,375.55,154.78,36772.12
39,February 11 2029,530.33,377.11,153.22,36395.01
40,March 11 2029,530.33,378.68,151.65,36016.32
41,April 11 2029,530.33,380.26,150.07,35636.06
42,May 11 2029,530.33,381.84,148.48,35254.22
43,June 11 2029,530.33,383.43,146.89,34870.79
44,July 11 2029,530.33,385.03,145.29,34485.75
45,August 11 2029,530.33,386.64,143.69,34099.12
46,September 11 2029,530.33,388.25,142.08,33710.87
47,October 11 2029,530.33,389.87,140.46,33321.0
48,November 11 2029,530.33,391.49,138.84,32929.51
49,December 11 2029,530.33,393.12,137.21,32536.39
50,January 11 2030,530.33,394.76,135.57,32141.63
51,February 11 2030,530.33,396.4,133.92,31745.23
52,March 11 2030,530.33,398.06,132.27,31347.17
53,April 11 2030,530.33,399.71,130.61,30947.46
54,May 11 2030,530.33,401.38,128.95,30546.08
55,June 11 2030,530.33,403.05,127.28,30143.03
56,July 11 2030,530.33,404.73,125.6,29738.29
57,August 11 2030,530.33,406.42,123.91,29331.88
58,September 11 2030,530.33,408.11,122.22,28923.76
59,October 11 2030,530.33,409.81,120.52,28513.95
60,November 11 2030,530.33,411.52,118.81,28102.43
61,December 11 2030,530.33,413.23,117.09,27689.2
62,January 11 2031,530.33,414.96,115.37,27274.24
63,February 11 2031,530.33,416.68,113.64,26857.56
64,March 11 2031,530.33,418.42,111.91,26439.14
65,April 11 2031,530.33,420.16,110.16,26018.97
66,May 11 2031,530.33,421.92,108.41,25597.06
67,June 11 2031,530.33,423.67,106.65,25173.38
68,July 11 2031,530.33,425.44,104.89,24747.95
69,August 11 2031,530.33,427.21,103.12,24320.73
70,September 11 2031,530.33,428.99,101.34,23891.74
71,October 11 2031,530.33,430.78,99.55,23460.96
72,November 11 2031,530.33,432.57,97.75,23028.39
73,December 11 2031,530.33,434.38,95.95,22594.02
74,January 11 2032,530.33,436.19,94.14,22157.83
75,February 11 2032,530.33,438.0,92.32,21719.83
76,March 11 2032,530.33,439.83,90.5,21280.0
77,April 11 2032,530.33,441.66,88.67,20838.34
78,May 11 2032,530.33,443.5,86.83,20394.84
79,June 11 2032,530.33,445.35,84.98,19949.49
80,July 11 2032,530.33,447.2,83.12,19502.28
81,August 11 2032,530.33,449.07,81.26,19053.21
82,September 11 2032,530.33,450.94,79.39,18602.27
83,October 11 2032,530.33,452.82,77.51,18149.46
84,November 11 2032,530.33,454.7,75.62,17694.75
85,December 11 2032,530.33,456.6,73.73,17238.15
86,January 11 2033,530.33,458.5,71.83,16779.65
87,February 11 2033,530.33,460.41,69.92,16319.24
88,March 11 2033,530.33,462.33,68.0,15856.91
89,April 11 2033,530.33,464.26,66.07,15392.65
90,May 11 2033,530.33,466.19,64.14,14926.46
91,June 11 2033,530.33,468.13,62.19,14458.32
92,July 11 2033,530.33,470.08,60.24,13988.24
93,August 11 2033,530.33,472.04,58.28,13516.2
94,September 11 2033,530.33,474.01,56.32,13042.19
95,October 11 2033,530.33,475.99,54.34,12566.2
96,November 11 2033,530.33,477.97,52.36,12088.23
97,December 11 2033,530.33,479.96,50.37,11608.27
98,January 11 2034,530.33,481.96,48.37,11126.31
99,February 11 2034,530.33,483.97,46.36,10642.35
100,March 11 2034,530.33,485.98,44.34,10156.36
101,April 11 2034,530.33,488.01,42.32,9668.35
102,May 11 2034,530.33,490.04,40.28,9178.31
103,June 11 2034,530.33,492.08,38.24,8686.22
104,July 11 2034,530.33,494.13,36.19,8192.09
105,August 11 2034,530.33,496.19,34.13,7695.9
106,September 11 2034,530.33,498.26,32.07,7197.63
107,October 11 2034,530.33,500.34,29.99,6697.3
108,November 11 2034,530.33,502.42,27.91,6194.87
109,December 11 2034,530.33,504.52,25.81,5690.36
110,January 11 2035,530.33,506.62,23.71,5183.74
111,February 11 2035,530.33,508.73,21.6,4675.01
112,March 11 2035,530.33,510.85,19.48,4164.16
113,April 11 2035,530.33,512.98,17.35,3651.19
114,May 11 2035,530.33,515.11,15.21,3136.07
115,June 11 2035,530.33,517.26,13.07,2618.81
116,July 11 2035,530.33,519.42,10.91,2099.4
117,August 11 2035,530.33,521.58,8.75,1577.82
118,September 11 2035,530.33,523.75,6.57,1054.06
119,October 11 2035,530.33,525.94,4.39,528.13
120,November 11 2035,530.33,528.13,2.2,0.0
